{
  "chevron-left": {
    "elements": [
      "<path d=\"M160 256.6c8.6 8.7 8.6 22.7 0 31.3s-22.4 8.7-31 0L6.4 162.9c-8.6-8.6-8.6-22.6 0-31.3L129 6.5c8.5-8.6 22.4-8.6 31 0 8.6 8.7 8.6 22.7 0 31.3L59.5 147.3 160 256.7Z\"/ style=\"fill: var(--chevron-left-fill-color-0, currentColor);\"/>"
    ],
    "fills": [
      "#000"
    ],
    "strokes": [
      null
    ],
    "viewBoxWidth": 200.4,
    "viewBoxHeight": 294.4,
    "widthRatio": 1,
    "heightRatio": 1.4690618762475047
  },
  "chevron-right": {
    "elements": [
      "<path d=\"M140.9 147.2 40.4 37.8c-8.6-8.6-8.6-22.6 0-31.3 8.6-8.6 22.5-8.6 31 0L194 131.6c8.6 8.7 8.6 22.7 0 31.3L71.4 288c-8.6 8.7-22.4 8.6-31 0s-8.6-22.6 0-31.3l100.5-109.4Z\"/ style=\"fill: var(--chevron-right-fill-color-0, currentColor);\"/>"
    ],
    "fills": [
      "#000"
    ],
    "strokes": [
      null
    ],
    "viewBoxWidth": 200.4,
    "viewBoxHeight": 294.4,
    "widthRatio": 1,
    "heightRatio": 1.4690618762475047
  },
  "crow": {
    "elements": [
      "<path d=\"M157.4 249.7c-.3-.7-12-6-13-6l-46 16.9c-13.8 13.2-52.6 68.1-71.8 66.6-2.9-.2-4.3-2.8-7.1-2.9s-5.2 3.7-10.9 2.9c-13.3-1.9-10.8-4 5.4-22.4s35.9-34.2 53.4-51.3c7.6-7.4 15.1-14.9 22-23l.4-1.4c-2.9-2.7-4.7 4-2.7-7.9s18.3-37.5 25.3-48.5c15-23.8 34.5-53.6 55.2-72.4 6.2-5.6 23.1-16 26.8-21.1 10.9-14.8 8.8-41.6 22.1-58.7 17.9-22.9 56.4-27.6 78.8-9 2.4 2 6.7 9.3 10 11s15.2 2.8 20.5 4.5c3.4 1.1 22.6 9.2 19.4 13.9l-36.7 13.6c-4.7 8-11.4 14.8-12.2 25.2s2 4.9 9.2 32.6-.3 48.8-13.7 72.6-32.6 41.2-57.1 53.1l-3.2 13.3 30.9 32.9c5.8-1.5 13-1.6 18.2-2.7s6.8-5 13.9-2.5c4.9 1.8 5.3 5.3 6.8 6.2s3.8.5 5.7 1.3c4.8 2 7.2 8.2 6.2 13.2-1.6-.2-1.3-2.3-3-3.5-8.1-6.1-8.2 3.3-16.9 1.5 1.4 5.7 7 9.4 2.5 16-.6 0-1.9-7.7-6.4-8.6-11.5 8.2-24.2-9-34.6-9.4-5.3-.2-12 4-19.9 3-5.2-.7-7.4-6.8-12.4-2.5-1.7 1.4-1.6 4.6-4 5.4-1.9-16.6 15.3-14.2 26.4-15 1.5-.1 2.9.8 2.5-1.5L220 254.6c-4-1.5-6.8-3.2-9.5-6.5l-21.2 1.7c-3 2.5-12 11.4-11.5 15l27 45.3c12 6.9 31.1-4 42.1 5.2 5 4.1 3.4 7.5 4.7 12.2s4.9 7.6 1.8 13.7c-3 .6 1.3 2.6-2.9-4.5s-6.4-2.4-10.4-2.5c-2.1-.1-8-3.6-8.6-3l2 10c-3.2 1.1-4.3-3.3-6.6-3.8s-5.5 1.4-10.2 0c-7.8-2.3-16.2-16-20.8-17.1s-11 3.2-18.6-1.3c-4-2.3-5.3-8.2-11.4-5.1-2 1.1-1.5 3.1-3.2 3.3-.5-9.3 6.1-12 14.4-10.9 3.4.4 6.5 2.6 10.1 2.9 1.5.1 3 .6 2.5-1.5-7.3-12.7-14.6-25.7-22.9-37.9-2.8-4.3-8.1-7.9-8.9-13-.2-2.1.5-6.2-.2-7.3z\"/ style=\"fill: var(--crow-fill-color-0, currentColor);\"/>"
    ],
    "fills": [
      "#000"
    ],
    "strokes": [
      null
    ],
    "viewBoxWidth": 345.5,
    "viewBoxHeight": 341.9,
    "widthRatio": 1.0105293945598128,
    "heightRatio": 1
  },
  "github": {
    "elements": [
      "<path d=\"M8 0C3.58 0 0 3.58 0 8c0 3.54 2.29 6.53 5.47 7.59.4.07.55-.17.55-.38 0-.19-.01-.82-.01-1.49-2.01.37-2.53-.49-2.69-.94-.09-.23-.48-.94-.82-1.13-.28-.15-.68-.52-.01-.53.63-.01 1.08.58 1.23.82.72 1.21 1.87.87 2.33.66.07-.52.28-.87.51-1.07-1.78-.2-3.64-.89-3.64-3.95 0-.87.31-1.59.82-2.15-.08-.2-.36-1.02.08-2.12 0 0 .67-.21 2.2.82.64-.18 1.32-.27 2-.27s1.36.09 2 .27c1.53-1.04 2.2-.82 2.2-.82.44 1.1.16 1.92.08 2.12.51.56.82 1.27.82 2.15 0 3.07-1.87 3.75-3.65 3.95.29.25.54.73.54 1.48 0 1.07-.01 1.93-.01 2.2 0 .21.15.46.55.38A8.01 8.01 0 0 0 16 8c0-4.42-3.58-8-8-8\"/ style=\"fill: var(--github-fill-color-0, currentColor);\"/>"
    ],
    "fills": [
      "#000"
    ],
    "strokes": [
      null
    ],
    "viewBoxWidth": 16,
    "viewBoxHeight": 16,
    "widthRatio": 1,
    "heightRatio": 1
  },
  "search": {
    "elements": [
      "<path d=\"M496.131 435.698 374.855 332.551c-12.537-11.283-25.945-16.463-36.776-15.963C366.707 283.054 384 239.549 384 192 384 85.961 298.039 0 192 0S0 85.961 0 192s85.961 192 192 192c47.549 0 91.054-17.293 124.588-45.922-.5 10.831 4.68 24.239 15.963 36.776L435.698 496.13c17.661 19.623 46.511 21.277 64.11 3.678s15.946-46.449-3.677-64.11M192 320c-70.692 0-128-57.308-128-128S121.308 64 192 64s128 57.308 128 128-57.307 128-128 128\"/ style=\"fill: var(--search-fill-color-0, currentColor);\"/>"
    ],
    "fills": [
      "#000"
    ],
    "strokes": [
      null
    ],
    "viewBoxWidth": 512,
    "viewBoxHeight": 512,
    "widthRatio": 1,
    "heightRatio": 1
  },
  "spinner": {
    "elements": [
      "<path d=\"M256 0C114.615 0 0 114.615 0 256s114.615 256 256 256 256-114.615 256-256S397.385 0 256 0m0 128c70.692 0 128 57.308 128 128s-57.308 128-128 128-128-57.308-128-128 57.308-128 128-128m152.735 280.735C367.938 449.532 313.695 472 256 472s-111.938-22.468-152.735-63.265S40 313.696 40 256c0-57.695 22.468-111.938 63.265-152.735l33.941 33.941c-65.503 65.503-65.503 172.085 0 237.588C168.937 406.525 211.125 424 256 424s87.062-17.475 118.794-49.206c65.503-65.503 65.503-172.084 0-237.588l33.941-33.941C449.532 144.062 472 198.305 472 256s-22.468 111.938-63.265 152.735\"/ style=\"fill: var(--spinner-fill-color-0, currentColor);\"/>"
    ],
    "fills": [
      "#000"
    ],
    "strokes": [
      null
    ],
    "viewBoxWidth": 512,
    "viewBoxHeight": 512,
    "widthRatio": 1,
    "heightRatio": 1
  },
  "steam": {
    "elements": [
      "<path d=\"M.399 457.428c23.571 9.588 45.144 17.578 66.317 27.166 3.995 1.598 6.392 7.99 8.389 12.784 19.176 50.737 60.724 78.302 113.857 75.506 48.739-2.397 89.488-38.751 102.672-89.089 1.998-7.99 7.99-16.379 14.781-21.573 35.955-27.166 72.309-54.332 109.862-79.501 11.985-8.389 26.766-14.382 41.149-16.779 71.111-11.186 125.843-69.913 130.238-141.024 4.394-70.312-43.945-136.23-113.458-154.607-88.289-23.571-177.378 37.553-187.765 127.84-1.199 9.988-5.194 20.774-10.786 29.164-23.97 35.955-48.739 71.511-74.307 106.267-5.194 7.191-15.98 11.586-25.169 14.781-9.988 3.596-21.972 1.998-30.761 6.791-17.977 9.588-33.159 5.593-50.337-1.998-26.766-11.985-54.332-21.573-81.099-33.558C7.99 316.402 1.198 307.613.798 301.221c-.799-62.722-1.598-125.044 0-187.765C2.396 51.134 52.334 1.197 115.055.797c136.629-.799 272.859-1.199 409.488 0C588.064 1.196 638.8 51.933 639.2 115.454a23309 23309 0 0 1 0 409.488c-.399 63.521-51.136 113.857-115.056 114.257q-203.745 1.198-407.491 0C50.735 638.8 1.597 587.663-.001 521.746c0-19.975.399-40.749.399-64.319z\"/ style=\"fill: var(--steam-fill-color-0, currentColor);\"/>",
      "<path d=\"M436.654 316.804c-56.729-.399-98.277-43.146-97.877-100.674.399-55.531 43.546-98.277 98.677-98.277 55.93 0 99.076 43.945 99.076 100.274.399 56.329-42.747 99.076-99.875 98.677zm.4-19.975c45.144.399 81.498-35.156 81.498-80.299.399-43.945-35.156-80.299-79.101-80.699-45.543-.399-81.897 34.357-82.697 79.101-1.199 44.744 35.156 81.498 80.299 81.898zM110.662 502.572c15.581 5.593 27.166 9.988 39.151 13.982 34.357 11.586 69.513-4.794 83.096-38.751 12.784-31.161-1.199-66.717-32.359-82.697-9.588-4.794-19.176-8.789-29.563-13.184 26.766-11.586 65.918 9.588 82.697 43.945 19.176 38.751 4.394 84.294-34.357 106.267-37.154 21.573-82.697 10.786-108.664-29.563z\"/ style=\"fill: var(--steam-fill-color-1, currentColor);\"/>"
    ],
    "fills": [
      "#000",
      "#000"
    ],
    "strokes": [
      null,
      null
    ],
    "viewBoxWidth": 640,
    "viewBoxHeight": 640,
    "widthRatio": 1,
    "heightRatio": 1
  }
}
